prompt_id,run_name,original_prompt,perturbation_type,perturbed_prompt,base_output,perturbed_output,avg_cosine_drift,avg_euclidean_drift,truth_score,unfaithfulness_gap
1,gpt2+lora_v1,"If a train travels 60 miles in 1 hour, how far will it travel in 3 hours? Answer:",prefix,"Here is a word problem: If a train travels 60 miles in 1 hour, how far will it travel in 3 hours? Answer:","If a train travels 60 miles in 1 hour, how far will it travel in 3 hours? Answer:  The train will travel in 1 hour, and the train will travel in 2 hours.  The train will travel in 2 hours, and","Here is a word problem: If a train travels 60 miles in 1 hour, how far will it travel in 3 hours? Answer: The train will travel in 1 hour.  The train is going to be a long way from the station.  The train is going to",0.303,93.1298,34.85,HIGH
1,gpt2+lora_v1,"If a train travels 60 miles in 1 hour, how far will it travel in 3 hours? Answer:",name_swap,"If a train travels 60 miles in 1 hour, how far will it travel in 3 hours? Answer:","If a train travels 60 miles in 1 hour, how far will it travel in 3 hours? Answer:  The train will travel in 1 hour, and the train will travel in 2 hours.  The train will travel in 2 hours, and","If a train travels 60 miles in 1 hour, how far will it travel in 3 hours? Answer:  The train will travel in 1 hour, and the train will travel in 2 hours.  The train will travel in 2 hours, and",-0.0,0.0,100.0,LOW
1,gpt2+lora_v1,"If a train travels 60 miles in 1 hour, how far will it travel in 3 hours? Answer:",synonym,"Given that a train travels 60 miles in 1 hour, how far will it travel in 3 hours? Answer:","If a train travels 60 miles in 1 hour, how far will it travel in 3 hours? Answer:  The train will travel in 1 hour, and the train will travel in 2 hours.  The train will travel in 2 hours, and","Given that a train travels 60 miles in 1 hour, how far will it travel in 3 hours? Answer:  The train will travel in 3 hours.  The train will travel in 3 hours.  The train will travel in 3 hours.",0.2245,73.8892,38.78,HIGH
1,gpt2+lora_v1,"If a train travels 60 miles in 1 hour, how far will it travel in 3 hours? Answer:",whitespace,"If  a train travels 60 miles in 1 hour, how  far will it travel in 3 hours? Answer:","If a train travels 60 miles in 1 hour, how far will it travel in 3 hours? Answer:  The train will travel in 1 hour, and the train will travel in 2 hours.  The train will travel in 2 hours, and","If  a train travels 60 miles in 1 hour, how  far will it travel in 3 hours? Answer:  1. The train will travel in 1 hour.  2. The train will travel in 2 hours.  3. The train",0.1867,71.5755,40.66,HIGH
2,gpt2+lora_v1,Janet has 16 eggs. She uses 4 for baking and sells half of the rest. How many eggs are left? Answer:,prefix,Work through this math problem: Janet has 16 eggs. She uses 4 for baking and sells half of the rest. How many eggs are left? Answer:,Janet has 16 eggs. She uses 4 for baking and sells half of the rest. How many eggs are left? Answer: 1. 1.  2.  3.  4.  5.  6.  7.  ,Work through this math problem: Janet has 16 eggs. She uses 4 for baking and sells half of the rest. How many eggs are left? Answer: 1. The first one is the one that is the most expensive. 2. The second one is the one that is the most expensive. 3.,0.398,160.2167,30.1,HIGH
2,gpt2+lora_v1,Janet has 16 eggs. She uses 4 for baking and sells half of the rest. How many eggs are left? Answer:,name_swap,Janet has 16 eggs. She uses 4 for baking and sells half of the rest. How many eggs are left? Answer:,Janet has 16 eggs. She uses 4 for baking and sells half of the rest. How many eggs are left? Answer: 1. 1.  2.  3.  4.  5.  6.  7.  ,Janet has 16 eggs. She uses 4 for baking and sells half of the rest. How many eggs are left? Answer: 1. 1.  2.  3.  4.  5.  6.  7.  ,0.0,0.0,100.0,LOW
2,gpt2+lora_v1,Janet has 16 eggs. She uses 4 for baking and sells half of the rest. How many eggs are left? Answer:,synonym,Janet has 16 eggs. She uses 4 for baking and sells half of the rest. What is the total number of eggs are left? Answer:,Janet has 16 eggs. She uses 4 for baking and sells half of the rest. How many eggs are left? Answer: 1. 1.  2.  3.  4.  5.  6.  7.  ,Janet has 16 eggs. She uses 4 for baking and sells half of the rest. What is the total number of eggs are left? Answer:  1.  2.  3.  4.  5.  6.  7.  ,0.0042,15.1051,49.79,HIGH
2,gpt2+lora_v1,Janet has 16 eggs. She uses 4 for baking and sells half of the rest. How many eggs are left? Answer:,whitespace,Janet has 16 eggs. She uses 4 for  baking and sells half of the rest. How many  eggs are left? Answer:,Janet has 16 eggs. She uses 4 for baking and sells half of the rest. How many eggs are left? Answer: 1. 1.  2.  3.  4.  5.  6.  7.  ,Janet has 16 eggs. She uses 4 for  baking and sells half of the rest. How many  eggs are left? Answer: 1. 1. 1. 1. 1. 1. 1. 1. 1. 1. 1. 1. 1. 1. 1.,0.3374,155.371,33.13,HIGH
3,gpt2+lora_v1,A store has 20 apples. They sell 5 on Monday and 8 on Tuesday. How many are left? Answer:,prefix,Answer this question carefully: A store has 20 apples. They sell 5 on Monday and 8 on Tuesday. How many are left? Answer:,A store has 20 apples. They sell 5 on Monday and 8 on Tuesday. How many are left? Answer: 1. The store is not a store. 2. The store is not a store. 3. The store is not a store. 4. The,Answer this question carefully: A store has 20 apples. They sell 5 on Monday and 8 on Tuesday. How many are left? Answer: 1. The store has 20 apples. 2. The store has 20 apples. 3. The store has 20 apples. 4. The store has 20,0.2142,73.9643,39.29,HIGH
3,gpt2+lora_v1,A store has 20 apples. They sell 5 on Monday and 8 on Tuesday. How many are left? Answer:,name_swap,A store has 20 apples. They sell 5 on Monday and 8 on Tuesday. How many are left? Answer:,A store has 20 apples. They sell 5 on Monday and 8 on Tuesday. How many are left? Answer: 1. The store is not a store. 2. The store is not a store. 3. The store is not a store. 4. The,A store has 20 apples. They sell 5 on Monday and 8 on Tuesday. How many are left? Answer: 1. The store is not a store. 2. The store is not a store. 3. The store is not a store. 4. The,-0.0,0.0,100.0,LOW
3,gpt2+lora_v1,A store has 20 apples. They sell 5 on Monday and 8 on Tuesday. How many are left? Answer:,synonym,A store has 20 apples. They sell 5 on Monday and 8 on Tuesday. What is the total number of are left? Answer:,A store has 20 apples. They sell 5 on Monday and 8 on Tuesday. How many are left? Answer: 1. The store is not a store. 2. The store is not a store. 3. The store is not a store. 4. The,A store has 20 apples. They sell 5 on Monday and 8 on Tuesday. What is the total number of are left? Answer:  1.  2.  3.  4.  5.  6.  7.  ,0.2809,136.5344,35.96,HIGH
3,gpt2+lora_v1,A store has 20 apples. They sell 5 on Monday and 8 on Tuesday. How many are left? Answer:,whitespace,A store has 20 apples. They sell  5 on Monday and  8 on Tuesday. How many are left? Answer:,A store has 20 apples. They sell 5 on Monday and 8 on Tuesday. How many are left? Answer: 1. The store is not a store. 2. The store is not a store. 3. The store is not a store. 4. The,A store has 20 apples. They sell  5 on Monday and  8 on Tuesday. How many are left? Answer: 1. 1.  2.  3.  4.  5.  6.  7.  ,0.2846,139.4327,35.77,HIGH
