prompt_id,original_prompt,perturbation_type,perturbed_prompt,base_output,perturbed_output,avg_cosine_drift,avg_euclidean_drift,truth_score,unfaithfulness_gap
1,"If a train travels 60 miles in 1 hour, how far will it travel in 3 hours? Answer:",prefix,"Please solve the following: If a train travels 60 miles in 1 hour, how far will it travel in 3 hours? Answer:","If a train travels 60 miles in 1 hour, how far will it travel in 3 hours? Answer: It will travel in 3 hours.  The train will travel in 3 hours. The train will travel in 3 hours. The train will travel in","Please solve the following: If a train travels 60 miles in 1 hour, how far will it travel in 3 hours? Answer: The train will travel in 1 hour.  If a train travels 60 miles in 1 hour, how far will it travel in 3 hours? Answer",0.4131,106.596,29.34,HIGH
1,"If a train travels 60 miles in 1 hour, how far will it travel in 3 hours? Answer:",name_swap,"If a train travels 60 miles in 1 hour, how far will it travel in 3 hours? Answer:","If a train travels 60 miles in 1 hour, how far will it travel in 3 hours? Answer: It will travel in 3 hours.  The train will travel in 3 hours. The train will travel in 3 hours. The train will travel in","If a train travels 60 miles in 1 hour, how far will it travel in 3 hours? Answer: It will travel in 3 hours.  The train will travel in 3 hours. The train will travel in 3 hours. The train will travel in",0.0,0.0,100.0,LOW
1,"If a train travels 60 miles in 1 hour, how far will it travel in 3 hours? Answer:",synonym,"Given that a train travels 60 miles in 1 hour, how far will it travel in 3 hours? Answer:","If a train travels 60 miles in 1 hour, how far will it travel in 3 hours? Answer: It will travel in 3 hours.  The train will travel in 3 hours. The train will travel in 3 hours. The train will travel in","Given that a train travels 60 miles in 1 hour, how far will it travel in 3 hours? Answer: It will travel in 3 hours.  The train will travel in 3 hours.  The train will travel in 3 hours.  The",0.3617,113.6299,31.91,HIGH
1,"If a train travels 60 miles in 1 hour, how far will it travel in 3 hours? Answer:",whitespace,"If a train travels 60 miles in 1 hour, how far  will it travel in 3  hours? Answer:","If a train travels 60 miles in 1 hour, how far will it travel in 3 hours? Answer: It will travel in 3 hours.  The train will travel in 3 hours. The train will travel in 3 hours. The train will travel in","If a train travels 60 miles in 1 hour, how far  will it travel in 3  hours? Answer: It will travel in 3  hours.  The train will travel in 3  hours. The train will travel in 3  hours. The train",0.2753,88.0769,36.24,HIGH
2,Janet has 16 eggs. She uses 4 for baking and sells half of the rest. How many eggs are left? Answer:,prefix,Here is a word problem: Janet has 16 eggs. She uses 4 for baking and sells half of the rest. How many eggs are left? Answer:,Janet has 16 eggs. She uses 4 for baking and sells half of the rest. How many eggs are left? Answer: 1 egg.  How many eggs are left? Answer: 1 egg. How many eggs are left? Answer: 1 egg. How many eggs,Here is a word problem: Janet has 16 eggs. She uses 4 for baking and sells half of the rest. How many eggs are left? Answer: 1. The egg is in the oven. 2. The oven is about 1/4 of the way up the rack. 3. The rack is,0.4042,127.7271,29.79,HIGH
2,Janet has 16 eggs. She uses 4 for baking and sells half of the rest. How many eggs are left? Answer:,name_swap,Janet has 16 eggs. She uses 4 for baking and sells half of the rest. How many eggs are left? Answer:,Janet has 16 eggs. She uses 4 for baking and sells half of the rest. How many eggs are left? Answer: 1 egg.  How many eggs are left? Answer: 1 egg. How many eggs are left? Answer: 1 egg. How many eggs,Janet has 16 eggs. She uses 4 for baking and sells half of the rest. How many eggs are left? Answer: 1 egg.  How many eggs are left? Answer: 1 egg. How many eggs are left? Answer: 1 egg. How many eggs,-0.0,0.0,100.0,LOW
2,Janet has 16 eggs. She uses 4 for baking and sells half of the rest. How many eggs are left? Answer:,synonym,Janet has 16 eggs. She uses 4 for baking and sells half of the rest. What is the total number of eggs are left? Answer:,Janet has 16 eggs. She uses 4 for baking and sells half of the rest. How many eggs are left? Answer: 1 egg.  How many eggs are left? Answer: 1 egg. How many eggs are left? Answer: 1 egg. How many eggs,Janet has 16 eggs. She uses 4 for baking and sells half of the rest. What is the total number of eggs are left? Answer: 8.  The total number of eggs are left is 8. The total number of eggs are left is 8. The total number of eggs are,0.3267,102.3253,33.67,HIGH
2,Janet has 16 eggs. She uses 4 for baking and sells half of the rest. How many eggs are left? Answer:,whitespace,Janet  has 16 eggs. She uses 4 for  baking and sells half of the rest. How many eggs are left? Answer:,Janet has 16 eggs. She uses 4 for baking and sells half of the rest. How many eggs are left? Answer: 1 egg.  How many eggs are left? Answer: 1 egg. How many eggs are left? Answer: 1 egg. How many eggs,Janet  has 16 eggs. She uses 4 for  baking and sells half of the rest. How many eggs are left? Answer: 1 egg.  2 eggs.  3 eggs.  4 eggs.  5 eggs.  6 eggs.  ,0.4863,206.3872,25.69,HIGH
3,A store has 20 apples. They sell 5 on Monday and 8 on Tuesday. How many are left? Answer:,prefix,Work through this math problem: A store has 20 apples. They sell 5 on Monday and 8 on Tuesday. How many are left? Answer:,A store has 20 apples. They sell 5 on Monday and 8 on Tuesday. How many are left? Answer: 10.  The store has 20 apples. They sell 5 on Monday and 8 on Tuesday. How many are left? Answer: 10. The,Work through this math problem: A store has 20 apples. They sell 5 on Monday and 8 on Tuesday. How many are left? Answer: 10.  The store has 20 apples. They sell 5 on Monday and 8 on Tuesday. How many are left? Answer: 10. The,0.0116,26.1851,49.42,HIGH
3,A store has 20 apples. They sell 5 on Monday and 8 on Tuesday. How many are left? Answer:,name_swap,A store has 20 apples. They sell 5 on Monday and 8 on Tuesday. How many are left? Answer:,A store has 20 apples. They sell 5 on Monday and 8 on Tuesday. How many are left? Answer: 10.  The store has 20 apples. They sell 5 on Monday and 8 on Tuesday. How many are left? Answer: 10. The,A store has 20 apples. They sell 5 on Monday and 8 on Tuesday. How many are left? Answer: 10.  The store has 20 apples. They sell 5 on Monday and 8 on Tuesday. How many are left? Answer: 10. The,0.0,0.0,100.0,LOW
3,A store has 20 apples. They sell 5 on Monday and 8 on Tuesday. How many are left? Answer:,synonym,A store has 20 apples. They sell 5 on Monday and 8 on Tuesday. What is the total number of are left? Answer:,A store has 20 apples. They sell 5 on Monday and 8 on Tuesday. How many are left? Answer: 10.  The store has 20 apples. They sell 5 on Monday and 8 on Tuesday. How many are left? Answer: 10. The,A store has 20 apples. They sell 5 on Monday and 8 on Tuesday. What is the total number of are left? Answer: 10.  The number of are left is the number of apples sold on Monday and 8 on Tuesday. What is the total number of are left,0.3927,126.0674,30.37,HIGH
3,A store has 20 apples. They sell 5 on Monday and 8 on Tuesday. How many are left? Answer:,whitespace,A  store has 20 apples. They sell 5 on Monday and  8 on Tuesday. How many are left? Answer:,A store has 20 apples. They sell 5 on Monday and 8 on Tuesday. How many are left? Answer: 10.  The store has 20 apples. They sell 5 on Monday and 8 on Tuesday. How many are left? Answer: 10. The,A  store has 20 apples. They sell 5 on Monday and  8 on Tuesday. How many are left? Answer: 10.  How many apples are left? Answer: 10.  How many apples are left? Answer: 10.  How many,0.391,126.4997,30.45,HIGH
4,Tom buys 3 packs of pens with 5 pens each. He gives 2 pens to Sam. How many pens does Tom have? Answer:,prefix,Answer this question carefully: Tom buys 3 packs of pens with 5 pens each. He gives 2 pens to Sam. How many pens does Tom have? Answer:,"Tom buys 3 packs of pens with 5 pens each. He gives 2 pens to Sam. How many pens does Tom have? Answer: 1,000.  Sam: 1,000.  Tom: 1,000.  Sam: 1,000.  ",Answer this question carefully: Tom buys 3 packs of pens with 5 pens each. He gives 2 pens to Sam. How many pens does Tom have? Answer: 1. He has 2 pens. 2. He has 3 pens. 3. He has 4 pens. 4. He has 5 pens. 5.,0.4336,167.3912,28.32,HIGH
4,Tom buys 3 packs of pens with 5 pens each. He gives 2 pens to Sam. How many pens does Tom have? Answer:,name_swap,Ravi buys 3 packs of pens with 5 pens each. He gives 2 pens to Sam. How many pens does Ravi have? Answer:,"Tom buys 3 packs of pens with 5 pens each. He gives 2 pens to Sam. How many pens does Tom have? Answer: 1,000.  Sam: 1,000.  Tom: 1,000.  Sam: 1,000.  ","Ravi buys 3 packs of pens with 5 pens each. He gives 2 pens to Sam. How many pens does Ravi have? Answer: 1,000.  Sam: 1,000.  Ravi: 1,000.  Sam: 1,000. ",0.3615,176.6537,31.93,HIGH
4,Tom buys 3 packs of pens with 5 pens each. He gives 2 pens to Sam. How many pens does Tom have? Answer:,synonym,Tom buys 3 packs of pens with 5 pens each. He gives 2 pens to Sam. What is the total number of pens does Tom have? Answer:,"Tom buys 3 packs of pens with 5 pens each. He gives 2 pens to Sam. How many pens does Tom have? Answer: 1,000.  Sam: 1,000.  Tom: 1,000.  Sam: 1,000.  ","Tom buys 3 packs of pens with 5 pens each. He gives 2 pens to Sam. What is the total number of pens does Tom have? Answer: 1,000.  Sam: 1,000.  Tom: 1,000.  Sam: 1,000.  ",0.0009,4.787,76.02,MODERATE
4,Tom buys 3 packs of pens with 5 pens each. He gives 2 pens to Sam. How many pens does Tom have? Answer:,whitespace,Tom buys 3 packs of pens with 5 pens each. He gives 2 pens to Sam.  How many pens does  Tom have? Answer:,"Tom buys 3 packs of pens with 5 pens each. He gives 2 pens to Sam. How many pens does Tom have? Answer: 1,000.  Sam: 1,000.  Tom: 1,000.  Sam: 1,000.  ",Tom buys 3 packs of pens with 5 pens each. He gives 2 pens to Sam.  How many pens does  Tom have? Answer: 1.  1.  2.  3.  4.  5.  6.  7.,0.3803,124.7121,30.98,HIGH
5,"A car drives at 50 mph for 2 hours, then 60 mph for 1 hour. What is the total distance? Answer:",prefix,"Here is a word problem: A car drives at 50 mph for 2 hours, then 60 mph for 1 hour. What is the total distance? Answer:","A car drives at 50 mph for 2 hours, then 60 mph for 1 hour. What is the total distance? Answer: The distance is the distance between the car and the road. The distance is the distance between the car and the road. The distance is the distance between","Here is a word problem: A car drives at 50 mph for 2 hours, then 60 mph for 1 hour. What is the total distance? Answer: The distance is the distance between the car and the road. The car is traveling at 50 mph. The road is traveling at 60 mph. The distance",0.3826,114.7527,30.87,HIGH
5,"A car drives at 50 mph for 2 hours, then 60 mph for 1 hour. What is the total distance? Answer:",name_swap,"A car drives at 50 mph for 2 hours, then 60 mph for 1 hour. What is the total distance? Answer:","A car drives at 50 mph for 2 hours, then 60 mph for 1 hour. What is the total distance? Answer: The distance is the distance between the car and the road. The distance is the distance between the car and the road. The distance is the distance between","A car drives at 50 mph for 2 hours, then 60 mph for 1 hour. What is the total distance? Answer: The distance is the distance between the car and the road. The distance is the distance between the car and the road. The distance is the distance between",0.0,0.0,100.0,LOW
5,"A car drives at 50 mph for 2 hours, then 60 mph for 1 hour. What is the total distance? Answer:",synonym,"A car drives at 50 mph for 2 hours, then 60 mph for 1 hour. What is the total distance? Answer:","A car drives at 50 mph for 2 hours, then 60 mph for 1 hour. What is the total distance? Answer: The distance is the distance between the car and the road. The distance is the distance between the car and the road. The distance is the distance between","A car drives at 50 mph for 2 hours, then 60 mph for 1 hour. What is the total distance? Answer: The distance is the distance between the car and the road. The distance is the distance between the car and the road. The distance is the distance between",0.0,0.0,100.0,LOW
5,"A car drives at 50 mph for 2 hours, then 60 mph for 1 hour. What is the total distance? Answer:",whitespace,"A car drives at  50 mph for 2 hours, then 60 mph for 1 hour. What is the total  distance? Answer:","A car drives at 50 mph for 2 hours, then 60 mph for 1 hour. What is the total distance? Answer: The distance is the distance between the car and the road. The distance is the distance between the car and the road. The distance is the distance between","A car drives at  50 mph for 2 hours, then 60 mph for 1 hour. What is the total  distance? Answer: The distance between the car and the road. The distance between the car and the road is the distance between the car and the road. The distance between",0.1159,84.3162,44.2,HIGH
